dosya,tahmin,guven
2005_10_08__22_39_20.jpg,Tam Açık,99.97%
2018_09_15__12_00_40.jpg,Tam Açık,94.63%
2018_09_15__12_05_43.jpg,Tam Açık,97.53%
2018_09_15__12_10_47.jpg,Tam Açık,94.71%
2018_09_15__12_15_50.jpg,Tam Açık,98.77%
2018_09_15__12_20_53.jpg,Tam Açık,96.54%
2018_09_15__12_25_56.jpg,Tam Açık,99.18%
2018_09_15__12_31_00.jpg,Tam Açık,95.61%
2018_09_15__12_36_04.jpg,Tam Açık,95.21%
2018_09_15__12_41_07.jpg,Tam Açık,95.19%
2018_09_15__12_46_10.jpg,Tam Açık,97.90%
2018_09_15__12_51_14.jpg,Tam Açık,94.89%
2018_09_15__12_56_17.jpg,Tam Açık,99.15%
2018_09_15__13_01_20.jpg,Tam Açık,96.09%
2018_09_15__13_06_23.jpg,Tam Açık,95.80%
2018_09_15__13_11_27.jpg,Tam Açık,99.32%
2018_09_15__13_16_30.jpg,Tam Açık,99.21%
2018_09_15__13_21_33.jpg,Tam Açık,99.05%
2018_09_15__13_26_37.jpg,Tam Açık,99.75%
2018_09_15__13_31_40.jpg,Tam Açık,97.75%
2018_09_15__13_36_43.jpg,Tam Açık,99.72%
2018_09_15__13_41_47.jpg,Tam Açık,98.33%
2018_09_15__13_46_51.jpg,Tam Açık,96.75%
2018_09_15__13_51_55.jpg,Tam Açık,97.67%
2018_09_15__13_56_59.jpg,Tam Açık,98.75%
2018_09_15__14_02_02.jpg,Tam Açık,93.14%
2018_09_15__14_07_06.jpg,Tam Açık,98.81%
2018_09_15__14_12_09.jpg,Tam Açık,99.82%
2018_09_15__14_17_14.jpg,Tam Açık,99.76%
2018_09_15__14_22_18.jpg,Tam Açık,99.35%
2018_09_15__14_27_22.jpg,Tam Açık,98.46%
2018_09_15__14_32_26.jpg,Tam Açık,99.78%
2018_09_15__14_37_30.jpg,Tam Açık,99.17%
2018_09_15__14_42_35.jpg,Tam Açık,98.85%
2018_09_15__14_47_38.jpg,Tam Açık,98.56%
2018_09_15__14_52_43.jpg,Tam Açık,98.31%
2018_09_15__14_57_48.jpg,Tam Açık,98.78%
2018_09_15__15_02_53.jpg,Tam Açık,94.60%
2018_09_15__15_07_56.jpg,Tam Açık,85.42%
2018_09_15__15_13_00.jpg,Tam Açık,99.24%
2018_09_15__15_18_05.jpg,Tam Açık,95.78%
2018_09_15__15_23_10.jpg,Tam Açık,99.11%
2018_09_15__15_28_15.jpg,Tam Açık,99.88%
2018_09_15__15_33_18.jpg,Tam Açık,99.92%
2018_09_15__15_38_23.jpg,Tam Açık,97.36%
2018_09_15__15_43_28.jpg,Tam Açık,99.53%
2018_09_15__15_48_31.jpg,Tam Açık,98.67%
2018_09_15__15_53_35.jpg,Tam Açık,98.60%
2018_09_15__15_58_39.jpg,Tam Açık,98.35%
2018_09_15__16_03_44.jpg,Tam Açık,96.19%
2018_09_15__16_08_48.jpg,Tam Açık,98.45%
2018_09_15__16_13_52.jpg,Tam Açık,99.48%
2018_09_15__16_18_57.jpg,Tam Açık,99.41%
2018_09_15__16_24_01.jpg,Tam Açık,99.34%
2018_09_15__16_29_05.jpg,Tam Açık,99.63%
2018_09_15__16_34_09.jpg,Tam Açık,99.44%
2018_09_15__16_39_13.jpg,Tam Açık,99.89%
2018_09_15__16_44_17.jpg,Tam Açık,99.80%
2018_09_15__16_49_20.jpg,Tam Açık,99.05%
2018_09_15__16_54_24.jpg,Tam Açık,98.64%
2018_09_15__16_59_27.jpg,Tam Açık,98.53%
2018_09_15__17_04_30.jpg,Tam Açık,99.36%
2018_09_15__17_09_33.jpg,Tam Açık,99.58%
2018_09_15__17_14_36.jpg,Tam Açık,99.74%
2018_09_15__17_19_40.jpg,Tam Açık,99.59%
2018_09_15__17_24_43.jpg,Tam Açık,99.48%
2018_09_15__17_29_47.jpg,Tam Açık,99.78%
2018_09_15__17_34_51.jpg,Tam Açık,99.88%
2018_09_15__17_39_54.jpg,Tam Açık,99.95%
2018_09_15__17_44_57.jpg,Tam Açık,99.85%
2018_09_15__17_50_01.jpg,Tam Açık,99.58%
2018_09_15__17_55_05.jpg,Tam Açık,99.92%
2018_09_15__18_00_08.jpg,Tam Açık,99.86%
2018_09_15__18_05_12.jpg,Tam Açık,99.94%
2018_09_15__18_10_15.jpg,Tam Açık,99.94%
2018_09_15__18_15_18.jpg,Tam Açık,99.81%
2018_09_15__18_20_21.jpg,Tam Açık,99.99%
2018_09_15__18_25_25.jpg,Tam Açık,99.97%
2018_09_15__18_30_29.jpg,Tam Açık,99.97%
2018_09_15__18_35_32.jpg,Tam Açık,99.97%
2018_09_15__18_40_35.jpg,Tam Açık,99.97%
2018_09_15__18_45_38.jpg,Tam Açık,99.96%
2018_09_15__18_50_41.jpg,Tam Açık,99.95%
2018_09_15__18_55_44.jpg,Tam Açık,99.98%
2018_09_15__19_00_48.jpg,Tam Açık,99.98%
2018_09_15__19_05_52.jpg,Tam Açık,99.99%
2018_09_15__19_10_55.jpg,Tam Açık,99.99%
2018_09_15__19_15_59.jpg,Tam Açık,99.99%
2018_09_15__19_21_02.jpg,Tam Açık,99.94%
2018_09_15__19_26_07.jpg,Kapalı,98.67%
2018_09_15__19_31_10.jpg,Tam Açık,99.89%
2018_09_15__19_36_14.jpg,Tam Açık,99.99%
2018_09_15__19_41_17.jpg,Tam Açık,99.99%
2018_09_15__19_46_23.jpg,Tam Açık,99.98%
2018_09_15__19_51_28.jpg,Tam Açık,100.00%
2018_09_15__19_56_33.jpg,Tam Açık,100.00%
2018_09_15__20_01_38.jpg,Tam Açık,100.00%
2018_09_15__20_06_43.jpg,Tam Açık,99.99%
2018_09_15__20_11_48.jpg,Tam Açık,99.98%
2018_09_15__20_16_53.jpg,Tam Açık,99.99%
